Year,Week,Location,Active Mean,Active SD,Control Mean,Control SD,Difference,Test,P-value,Significant
2008,1,Living,18.990190421234857,15.463292387159033,24.57010963646855,18.867019134388663,-5.579919215233694,Mann-Whitney U,0.5235290451686408,False
2008,1,Bedroom,13.523754568186188,17.807344241644657,21.425274091171378,19.692564697549464,-7.90151952298519,Mann-Whitney U,0.34367557559746087,False
2008,2,Living,32.1681643337148,18.01359416430532,26.66313667227767,25.285247644501393,5.505027661437129,t-test,0.5486966072762554,False
2008,2,Bedroom,23.940257152290474,19.7249495894997,21.271937536918227,22.267672677377092,2.6683196153722477,t-test,0.752196214815473,False
2009,1,Living,22.347990238872246,19.540732822696125,20.88863242931333,21.25733923842833,1.4593578095589166,Mann-Whitney U,0.7580875043489377,False
2009,1,Bedroom,15.703252945515084,16.694599900420418,16.71282939026736,29.220332397901174,-1.009576444752275,Mann-Whitney U,0.20096022677770164,False
2009,2,Living,22.27078374528989,20.560600685944216,22.317753414118098,22.19520956788417,-0.046969668828207745,Mann-Whitney U,0.9473848301654796,False
2009,2,Bedroom,16.429291503139584,20.916703084038918,19.11713791113676,31.32708231014587,-2.6878464079971742,Mann-Whitney U,0.44080111147296264,False
